ID,studentflag
5988,
5989,
5982,
5983,
5980,
5981,
5986,
5987,
5984,
5985,
6796,
6797,
6798,
6799,
270,TRUE
271,TRUE
273,
274,
275,
276,
278,
279,
2143,
2142,
3519,
3518,
3513,
3512,
3511,
3510,
3517,
3516,
3515,
3514,
2688,
2689,
2685,
2686,
2687,
2680,
2681,
2682,
2683,
99,TRUE
98,TRUE
91,
90,
93,
92,
95,
94,
97,TRUE
96,TRUE
1177,
1176,
1175,
1174,
1173,
1172,
1171,
1170,
1179,
1178,
7188,
876,
877,
7180,
7181,
7182,
7183,
7184,
3432,TRUE
7186,
7187,
623,
875,
622,
872,
1225,
873,
620,
8549,
870,
8019,
8018,
8017,
627,
8015,
871,
8013,
8012,
8011,
626,
7456,
4592,
7454,
7455,
7452,
625,
7450,
2036,
1220,
4590,
7458,
7459,
4591,
4596,
4849,
4594,
4595,
2749,
4845,
4598,
8291,
4599,
4734,
8290,
4735,
8293,
8292,
2039,
8295,
4738,
8294,
4739,
8297,
8296,
393,
392,
391,
390,
396,
395,
394,
399,
398,
2309,
2308,
4729,
4728,
2301,
2300,
2303,
2302,
2305,
2304,
4723,
2306,
5847,
5846,
5845,
5844,
5843,
5842,
5841,
5840,
5849,
5848,
3748,
3749,
3746,
3747,
3744,
3745,
3742,
3743,
3740,
3741,
4620,
4621,
4622,
4623,
4624,
4625,
4626,
4627,
4628,
4629,
179,
178,
177,
176,
175,
174,
173,
172,
171,
170,
7218,TRUE
7219,TRUE
7210,TRUE
7211,TRUE
7212,TRUE
7213,TRUE
7214,TRUE
7215,TRUE
7216,TRUE
7217,TRUE
6213,
6212,
6211,
6210,
6819,
6818,
6811,
6813,
6812,
6814,
6817,
6816,
8913,
8848,
8849,
8840,
8841,
8842,
8843,
8844,
8845,
8846,
8915,
7669,
7668,
7661,
7660,
7663,
7662,
7665,
7664,
7667,
7666,
1768,
1762,
1763,
1760,
1761,
1766,
1767,
1764,
1765,
692,
693,
690,
691,
696,
697,
694,
695,
699,
1548,
1549,
8710,
8711,
8712,
8713,
8714,
8715,
8716,
8717,
8718,
8719,
5618,
5619,
5612,
5613,
5610,
5611,
5616,
5617,
5614,
5615,
7116,
7118,
6778,
6779,
6774,
6775,
6776,
6777,
6770,
6771,
6772,
6773,
258,TRUE
259,TRUE
252,
253,
250,TRUE
251,
257,TRUE
254,
255,
3689,TRUE
3683,
3682,
3681,
3680,
3687,TRUE
3686,
3685,
3684,
2518,
2519,
2515,
2516,
2517,
2510,
2511,
2512,
2513,
3531,
3530,
3533,
3532,
3535,
3534,
3537,
3536,
5054,
3538,
5056,TRUE
5057,TRUE
5050,
5051,
5052,
5053,
1159,
1158,
1155,
1154,
1157,
1156,
1151,
1150,
1153,
1152,
8035,
8034,
8037,
8036,
8031,
8030,
8033,
8032,
8039,
8038,
8529,
8528,
8523,
8522,
8521,
8520,
8527,
8526,
8525,
8524,
8536,
4299,
4298,TRUE
4295,TRUE
4294,TRUE
4297,TRUE
4296,TRUE
4291,TRUE
4290,TRUE
4293,TRUE
4292,TRUE
6368,
4749,
4748,
1324,
4743,
4742,
4741,
4740,
4747,
4746,
4745,
4744,
5869,TRUE
5868,TRUE
5865,TRUE
5864,TRUE
5867,TRUE
5866,TRUE
5861,TRUE
5860,TRUE
5863,TRUE
5862,TRUE
9006,
2183,
2182,
2181,
2180,
2187,
2186,
2185,
2184,
4606,TRUE
4607,TRUE
2189,
2188,
4602,TRUE
4603,TRUE
4600,TRUE
4601,TRUE
6907,
6906,
6905,TRUE
6904,TRUE
6903,TRUE
6902,
151,
150,
152,
155,
154,
157,
156,
159,
158,
6900,
8134,
8135,
8689,
6187,TRUE
6186,TRUE
6185,TRUE
6184,TRUE
6183,TRUE
6182,TRUE
6181,TRUE
6180,TRUE
6954,
8133,
6189,
6188,
2727,
2726,
2725,
2724,
2723,
2722,
2721,
2720,
2729,TRUE
2728,
7236,
7237,
7234,
7235,
7232,
7233,
6955,
7231,
7948,
7949,
7238,
7239,
6239,TRUE
6238,TRUE
6235,TRUE
6234,TRUE
6237,TRUE
6236,TRUE
6231,TRUE
6230,TRUE
6233,TRUE
6232,TRUE
7932,
8866,
8867,
8864,
8865,
8862,
8863,
8860,
8861,
8868,
8869,
819,
810,
1700,
1701,
5265,
5264,
1704,
1705,
1706,
1707,
1708,
1709,
2097,TRUE
5269,
5268,
2096,TRUE
4574,
4575,
2093,TRUE
7936,
3029,
3027,
3026,
3025,
3024,
3023,
3022,
3021,
3020,
8738,
8739,
8736,
8737,
8734,
8735,
8732,
8733,
8730,
8731,
4198,
4199,
4196,
4197,
4194,
4195,
4192,
4193,
4190,
4191,
5670,
5671,
5672,
5673,
5674,
5675,
5676,
5677,
5678,
5679,
6437,
6436,
6435,
6434,
6433,
6432,
6431,
6430,
8198,
8199,
6439,
6438,
6758,
6759,
6752,
6753,
6756,
6757,
6754,
6755,
238,
239,TRUE
234,
235,
236,
237,
230,
231,
232,
233,
8740,
4681,
2538,
2539,
2532,
2533,
2530,
2531,
2536,
2537,
2534,
2535,
5078,
5079,
5072,
5073,
5070,TRUE
5071,
5077,
5074,
5075,
939,TRUE
938,TRUE
933,
932,
931,
930,
937,TRUE
936,TRUE
935,
934,
5380,
5381,
5382,
5383,
5384,
5385,TRUE
5386,
797,
796,
795,
794,
793,
792,
791,
790,
2145,
799,
798,
2144,
2415,
2414,
1139,
1138,
2141,
1133,
1132,
1131,
1130,
1137,
1136,
1135,
1134,
2419,
2418,
7148,
7144,
7145,
7146,
7147,
7140,
7141,
7142,
7143,
2149,
4973,
8053,
8500,
8051,
8050,
8057,
8056,
8055,
8054,
8509,
8508,
8059,
8058,
2882,TRUE
2883,TRUE
2880,
2881,
2886,TRUE
2887,TRUE
2884,TRUE
2885,TRUE
7492,
7493,
2888,TRUE
2889,TRUE
7496,
7497,
7494,
7495,
2,
3276,
3277,
1922,
1923,
1924,
1925,
1926,
1927,
4761,
4760,
4763,
4762,
4765,TRUE
4764,TRUE
4767,
4766,TRUE
4769,TRUE
4768,
7189,
8767,
5809,
5808,
5803,
5802,
5801,
5800,
5807,
5806,
5805,
5804,
1573,
1572,TRUE
1571,TRUE
1570,TRUE
1577,
1576,
1575,
1574,
4888,
2709,
2708,
2705,
4881,
4882,
2706,
2701,
2700,
4886,
4887,
7962,TRUE
7963,TRUE
7960,
7961,
7966,TRUE
7967,TRUE
7964,TRUE
7965,TRUE
7968,TRUE
7969,TRUE
6259,TRUE
6258,TRUE
6253,TRUE
6252,TRUE
6251,TRUE
6250,TRUE
6257,TRUE
6256,TRUE
6255,TRUE
6254,TRUE
2411,
8545,
8016,
8547,
3474,
3475,
3476,
3477,
3470,
3471,
3472,
3473,
8884,
8541,
838,
839,
3478,
3479,
8882,
8540,
8543,
8010,
7457,
8687,
7453,
5249,
5248,
1728,
1729,
1726,
5244,
1724,
5246,
1722,
1723,
1720,
1721,
9004,
9003,
9002,
7931,
9001,
7930,
9000,
7933,
3005,
3004,
3007,
3006,
3001,
3000,
3003,
3310,
7935,
3009,
3313,
7934,
1588,
3312,
7937,
1582,
3315,
1580,TRUE
1581,
1586,
1587,
1584,TRUE
3314,
3317,
8633,TRUE
5480,
9104,
9105,
5658,
5659,
5656,
5657,
5654,
2416,
5652,
5653,
5650,
5651,
6415,
6414,
6416,
6411,
6410,
6413,
7777,
7776,
7775,
7774,
7773,
7772,
7771,
7770,
7779,
7778,
3917,
3916,
3915,
3914,
3913,
3912,
3910,
3919,
3918,
6730,
6731,
6732,
6733,
6734,
6735,
6736,
6737,
6738,
6739,
8318,
8319,
216,
217,
214,
215,
212,
213,
210,
211,
218,
219,
6088,
6089,
6080,
6081,
3649,
3648,
3647,
3646,
3645,
3644,
3643,
3642,
3641,
3640,
2550,
2551,TRUE
2552,
2553,
2554,
2555,
2556,
2557,
2558,
2559,TRUE
5010,
5011,
5012,
5013,
5014,
5015,
5016,
5017,
5018,
5019,
4419,
4418,
4417,
4416,
4415,
4414,
4413,
4412,
4411,
4410,
919,
918,
915,TRUE
914,TRUE
917,
916,
911,TRUE
910,TRUE
913,TRUE
912,TRUE
7168,
7169,
7162,
7163,
7160,
7161,
7166,
7167,
7164,
7165,
3701,
8079,
630,
631,
8071,
8070,
8073,
8072,
8075,
632,
8077,
8076,
1211,
634,
3706,TRUE
635,
1214,
8637,TRUE
1215,
1111,
1110,
1113,
1112,
1115,
1114,
1117,
1440,
1119,
1118,
3707,
1449,
1448,
4859,
8636,
2005,
4857,
4584,
2008,
2009,
8635,
4581,
4580,
4725,
4583,
4724,
8268,
4582,
4727,
8269,
4726,
6914,TRUE
4721,
4720,
8264,TRUE
2307,
4789,
4788,
4787,
4786,
4785,
4722,
4783,
4782,TRUE
4781,TRUE
4780,TRUE
5821,
5820,
5823,
5822,
5825,
5824,
5827,
5826,
5829,
4376,
8632,TRUE
6916,TRUE
1182,
8630,
199,
198,
195,
194,
197,
196,
191,
190,
193,
192,
2769,
2768,
2763,
2762,
2761,
2760,
2767,
2766,
2765,
2764,
7908,
7909,
7900,
7901,
6913,TRUE
7903,
7904,
7905,
7906,
7907,
6271,
6270,
6273,
6272,
6275,
6274,
6277,TRUE
6279,TRUE
420,
8883,
1183,
3452,
3453,
3450,
3451,
3456,
3457,
3454,
3455,
3458,
3459,
858,
859,
6,
8905,
5228,
5223,
5220,
5226,
5225,
5224,
4588,
3063,
3062,
3061,
3060,
3067,
3066,
3065,
3064,
3069,
3068,
7466,
4817,
4816,
3260,
1304,
1305,
1306,
1307,
1300,
1301,
1302,
1303,
7129,
1308,
1309,
498,
499,
494,
495,
496,
497,
490,
491,
492,
493,
6479,
6478,
6473,TRUE
6472,TRUE
6471,
6470,
6477,TRUE
6476,TRUE
6475,TRUE
6474,TRUE
6915,TRUE
7758,
7755,
7754,
7757,
7756,
7751,
7750,
7753,
7752,
3939,
3938,
3935,
3934,
3937,
3936,
3931,
3930,
3933,
3932,
8332,
8333,
8330,
8331,
3265,TRUE
8337,
6718,
6719,
6717,
8338,
8339,
6712,
6713,
6710,
6711,
4044,
4045,
4046,
4047,
4040,
4041,
4042,
4043,
4048,
4049,
3665,
3664,
3667,
3666,
3661,
3660,
3663,
3662,
3669,
3668,
446,
2578,TRUE
2579,TRUE
2576,TRUE
2577,TRUE
2574,
2575,TRUE
2572,
2573,
2570,TRUE
2571,
3593,
3592,
3591,
3590,
3597,
3596,
3594,
5034,
5035,
5032,
5033,
5030,
5031,
4435,
4434,
4437,
4436,
4431,
4430,
4433,
4432,
4439,
4438,
977,
976,
975,
974,
973,
972,
971,
970,
979,
978,
7952,
1243,TRUE
8756,
8757,
8926,TRUE
8925,TRUE
8924,TRUE
8923,TRUE
8922,TRUE
8921,TRUE
8920,TRUE
8929,TRUE
8928,TRUE
3386,
3387,
3384,
7100,
7101,
7102,
3385,
7104,
7105,
7106,
7107,
7108,
5410,
5411,
5412,
5413,
1681,
1680,
1683,
1682,
1685,
1684,
1687,
1689,
1688,
653,TRUE
1469,
1468,
1465,
1464,
1467,
1466,
1461,
1460,
1463,
1462,
4239,
4238,
4237,TRUE
4236,TRUE
4235,TRUE
4234,
4233,
4232,
4231,
4230,
5591,
5590,
5593,
5592,
5595,
5594,
5597,
5596,
5599,
5598,
3035,
319,
318,
313,
312,
311,
310,
317,
316,
315,
4213,
443,
442,
441,
440,
447,
4218,
445,
444,
8699,
8698,
2299,
2298,
8129,
2293,
2292,
2291,TRUE
2290,TRUE
2297,
2296,
2295,
8694,
8125,
8124,
8691,
8690,
8693,
8139,
8692,
7290,
7291,
7292,
7293,
7294,
7295,
7296,
7297,
7298,
7299,
7704,
7928,
7929,
7705,
6299,
6298,
6296,
6295,
6294,
6290,
4672,TRUE
7708,
7709,
8511,
3438,TRUE
3439,TRUE
878,
879,
3430,
3431,TRUE
874,
3433,TRUE
3434,TRUE
3435,TRUE
3436,TRUE
3437,TRUE
2741,
2740,
2743,
2742,
4848,
2744,
2747,
2746,
4844,
2748,
4846,
4847,
4840,
4841,
4842,
4843,
5201,
5200,
5203,
5202,
5205,
5204,
5207,
5206,
3049,
3048,
3041,
3040,
3043,
3042,
3045,
3044,
3047,
3046,
7522,
1094,
1095,
1096,
1097,
1090,
1091,
1092,
1093,
1098,
1099,
7523,
8349,
1322,
1323,
1320,
1321,
1326,
1327,
1914,
1325,
1328,
1329,
6451,
6450,
6453,
6452,
6455,
6454,
6457,
6456,
6459,TRUE
6458,
8136,
8137,
8130,
8131,
6909,TRUE
6908,TRUE
7739,
7738,
7733,
7732,
7731,
7730,
7737,
7736,
7735,
7734,
3959,
3958,
3953,
3952,
3951,
3950,
3957,
3956,
3955,
3954,
8358,
8359,
8350,
8351,
8352,
8353,
8354,
8355,
8356,
8357,
1546,
4062,
4063,
4060,
4061,
4066,
4067,
4064,
4065,
4068,
4069,
5784,
5785,
5786,
5787,
5780,
5781,
5782,
5783,
5788,
3603,
3602,
3601,
3600,
3607,
3606,
3605,
3604,
3609,
3608,
4593,
7529,
4453,
4452,
4451,
4450,
4457,
4456,
4455,
4454,
4459,
4458,
959,
958,
951,
950,
953,
952,
954,
957,
956,
7185,
6334,
6336,
6337,
6330,
6331,
6332,
6333,
6338,
6339,
8909,
8908,
717,
8904,
8906,
8901,
8900,
8903,
716,
4966,
7126,
7127,
7124,
7125,
7122,
4965,
7120,
7121,
4964,
6841,
1669,
1668,
1667,
1666,
1665,TRUE
1664,
1662,
1661,TRUE
1660,TRUE
591,
590,
593,
592,
595,
594,
597,
596,
599,
598,
2828,
2829,
2824,
2826,
2827,
2820,
5414,
5415,
5416,
5417,
3382,
3383,
3380,
3381,
5418,
5795,
3388,
3389,
1409,
1408,
1403,
1402,
1401,
1400,
1407,
1406,
1405,
1404,
4215,
4214,
4217,
4216,
4211,
5791,
1491,
4212,
5790,
4219,
1544,
1545,
1542,
1543,
3261,
1540,
5579,
5578,
5577,
5576,
5575,TRUE
5574,TRUE
5573,TRUE
5572,TRUE
5571,TRUE
5570,TRUE
3262,
5799,
1937,
5798,
3264,
339,
3267,
335,TRUE
334,
337,
3266,
330,
333,
332,
5124,
5125,
5126,
5127,
3195,
3200,
1497,
6106,
6105,
6104,
6103,
6102,
6101,
9111,
9110,
9112,
9114,
3336,
8029,
3416,
3417,
3414,TRUE
3415,TRUE
3413,TRUE
3411,TRUE
8532,
3418,
3419,
8533,
8534,
8535,
4868,
4869,
2019,
2018,
2015,
2014,
2017,
2016,
2011,
2010,
4864,
4865,
7444,
9035,
9038,
9039,
7013,
458,
1349,
450,
451,
452,
1343,
454,
455,
1346,
457,
8118,
8119,
6929,
6928,
6925,
6924,
6927,
6926,
6921,
6920,
6923,
6922,
2157,
7710,
7713,
7712,
7715,
7714,
7717,
7716,
7719,
7718,
832,
8376,
8377,
8374,
8375,
8372,
8373,
8370,
8371,
833,
8378,
8379,
8074,
752,
4008,
4009,
4000,TRUE
4002,TRUE
4003,
4004,
4005,
4006,
4007,
3971,
3970,
3973,TRUE
3975,TRUE
3974,TRUE
3977,TRUE
3976,TRUE
3979,TRUE
3978,TRUE
3629,
3628,
3621,
3620,
3623,
3622,
3625,
3624,
3627,
3626,
4479,
4478,
2955,
4471,
4470,
4473,
4472,
4475,
4474,
4477,
4476,
2953,
2464,
2465,
2466,
2467,
2460,
2461,
2462,
2463,
2468,
2469,
1026,
1021,
1020,
1023,
5343,
6312,TRUE
6313,
6310,TRUE
6311,TRUE
6316,
6317,
6314,
6315,
8530,
6318,
6319,
5348,
8531,
7684,TRUE
8969,
8963,
8962,
8961,
8960,
8967,
8966,
8965,
8964,
1645,
1644,
1647,
1646,
1641,
1640,
1643,
1642,
1649,
1648,
579,
578,
573,
572,
571,
570,
577,TRUE
576,TRUE
574,
6865,
4956,
2802,
2803,
2800,
2801,
2804,
1208,
5432,
5433,
5430,
5431,
3368,
5437,
5434,
5435,
3364,
3365,
5438,
5439,
3360,
3361,
3362,
3363,
4273,TRUE
4272,TRUE
4271,TRUE
4270,TRUE
4277,
4276,
4275,TRUE
4274,TRUE
1201,
4279,
4278,
1200,
5555,
5554,
5557,
5556,
5551,
5550,
5553,
5552,
5559,
5558,
4861,
4866,
4867,
8589,
8588,
2013,
8581,
8580,
8583,
2012,
8585,
8584,
8587,
8586,
5129,TRUE
5883,
5882,
5881,
5880,
5887,
5886,
5885,
5884,
5889,
5888,
6554,
6555,
6556,
6557,
6550,
6551,
6552,
6553,
8270,
357,
356,
355,
354,
353,
352,
351,
350,
7508,
7509,
359,
358,
6125,
4855,
6126,
6121,
6120,
6123,
6122,
4854,
8677,
2190,
4632,
2192,
2193,
2259,
2258,
2257,
4637,
2255,
2254,
2253,
2252,
4636,
4635,
4634,
4800,
3227,
4802,
4803,
4804,
4805,
4806,
4807,
4808,
4809,
2789,
2788,
2079,
2078,
2073,
2072,
2071,
2070,
2077,
2076,
2075,
2074,
8790,
3220,
8791,
8415,TRUE
7081,
7080,
7083,
7082,
7085,
7084,
7087,
7086,
7089,
7088,
6495,
6494,
6497,
6496,
6491,
6490,
6493,
6492,
8178,TRUE
8179,TRUE
6499,
6498,
6949,
6948,
6943,
6942,
6941,
6940,
6947,
6946,
6945,
6944,
8998,
8398,TRUE
8399,TRUE
8394,
8395,
8396,TRUE
8397,TRUE
8390,TRUE
8391,
8392,
8393,
4398,
4399,
4390,
4391,
4392,
4393,
4394,
4395,
4396,
4397,
3197,
3196,
470,
471,
1362,TRUE
1363,TRUE
3191,
3190,
479,
3199,
3198,
4026,
4027,
4024,
4025,
4022,
4023,
4020,
4021,
4028,
4029,
8506,
3999,
3998,
3996,
3995,TRUE
3994,TRUE
3993,TRUE
3992,
3991,
3990,
8165,
8999,
8697,
8164,
298,
299,
297,
294,
295,
292,
293,
290,
291,
587,
581,
5487,
2442,
2443,
2440,
2441,
2447,
2449,
7867,
7866,
7865,
7864,
7863,
7862,
7861,
7860,
7869,
7868,
8829,
6378,
6379,
6370,
6371,
6372,
6373,
6374,
6375,
6376,
6377,
8941,
8940,
8943,
8942,
8945,
8944,
8947,
8946,
8949,
8948,
1436,
5406,
7394,
5405,
1435,
1432,
1433,
1623,
1622,
1621,
1620,
1627,
1626,
1625,
1624,
1999,
1998,
1629,
1628,
3209,
3208,
5058,TRUE
5059,TRUE
2862,
2863,
559,
558,
2866,
2867,
555,
2869,
557,
556,
551,
550,
553,
552,
3539,
1438,
5055,
5408,
1199,
1198,
3348,
3349,
1191,
1190,
1193,
1192,
1195,
1194,
1197,
1196,
2406,
7942,
4259,
4258,
4251,
4250,
4253,
4252,
4255,
4254,
4257,
4256,
5533,
5532,
5531,
5530,
5537,
5536,
5535,
5534,
5539,
5538,
1348,
459,
4263,
6572,
6573,
6570,
6571,
6576,
6577,
6574,
6575,
6578,
6579,
7694,
1340,
7696,
7697,
7690,
7691,
7692,
1341,
7698,
1342,
3834,
3835,
3836,
3837,
3830,
3831,
3832,
3833,
1344,
3838,
3839,
1345,
3207,
456,
1347,
379,
378,
7520,
7521,
7526,
7527,
7524,
7525,
371,
370,
373,
372,TRUE
375,
374,
377,
376,
6143,
8112,
6141,
6140,
6145,
6144,
6149,
8110,
8111,
8116,
3204,
8117,
8114,
8115,
7711,
2275,
2277,TRUE
2276,
2271,
2270,
2273,
2272,
2279,TRUE
2278,TRUE
2051,
2050,
2053,
2052,
2055,
2054,
2057,
4829,
2059,
4535,
4536,
4537,
4822,
4531,
4532,
4821,
7980,
7981,
7982,
7983,
7984,
7985,
7986,
7987,
7988,
7989,
8595,
7324,
7325,
7326,
7327,
7320,
7321,
7322,
7323,
7328,
7329,
8858,
8853,
8852,
8851,
8850,
7069,TRUE
7068,TRUE
7067,TRUE
7066,
7065,
7064,TRUE
7063,TRUE
7062,TRUE
7061,TRUE
7060,TRUE
8855,
8854,
6961,
6960,
6965,
8629,
6967,
6966,
6969,
6968,
8154,
8155,
8152,
8153,
8150,
8623,
5899,
414,
415,
416,
417,
1388,
1389,
412,
413,
1385,
1386,
1387,
1380,
1381,
1382,
1383,
5461,
8107,
1775,
1774,
1777,
5270,
1770,
1773,
5273,
5278,
1778,
5465,
6688,
6689,
6680,
6681,
6682,
6683,
6684,
6685,
6686,
6687,
2428,
2429,
2420,
2421,
2422,
2423,
2424,
2425,
2426,
2427,
7849,
7848,
7845,
7844,
7847,
7846,
7841,
7840,
7843,
7842,
6356,
6357,
6354,
6355,
6352,
6353,
6350,
6351,
6358,
6359,
3460,
1814,
1815,
1816,
1817,
1810,
1811,
1812,
1813,
1818,
1819,
2165,
2164,
8109,
1609,
1608,
2166,
3229,
3228,
1979,
1978,
3225,
3224,
1975,
3226,
1973,
1972,
1971,
1970,TRUE
2163,
8108,
4955,
2848,
2849,
2846,
2847,
2844,
2845,
2842,
2843,
2840,
2841,
3320,
5477,
5474,
3323,
3324,
3325,
3326,
3327,
3328,
3329,
5478,
5479,
5519,
5518,
5511,
3038,
5513,
5512,
5515,
5514,
5517,
5516,
537,
536,
535,
534,
533,
532,
531,
530,
539,TRUE
538,
1908,
1909,
3294,
1907,
3296,
6518,
6519,
1905,
6510,
1902,
6512,
6513,
6514,
6515,
6516,
3291,
5131,
1901,
3812,
3813,
3810,
3811,
3816,
3817,
3814,
3815,
3818,
3819,
8457,
8456,
8455,
8454,
8453,
8452,
8451,
8450,
8459,
8458,
7548,
7549,
7540,
7541,
7542,
7543,
7544,
7545,
7546,
7547,
6169,TRUE
6168,TRUE
6161,
6160,
6163,
6162,
6165,TRUE
6164,
6167,TRUE
6166,TRUE
8856,
2213,
2212,
2211,
2210,
2217,
2216,
2215,
2214,
2219,
2218,
4518,
4519,
4512,
4513,
4510,
4511,
4516,
4517,
4514,
4515,
5289,
5288,
5281,
5280,
5283,
5282,
5285,
5284,
5287,
5286,
7615,
9025,
9024,
9027,
7302,
7303,
7300,
7301,
7306,
7307,
7304,
7305,
9021,
7308,
7309,
9020,
9023,
9022,
7045,
7044,
7047,
7046,
7041,
7040,
7043,
7042,
7049,
7048,
9108,TRUE
8608,
8609,
6989,
6988,
6987,
6986,
6985,
6984,
6983,
6982,
6981,
6980,
9109,
8023,
2982,
2981,
2980,
2985,TRUE
1018,
1019,
1014,
1015,
1016,
1017,
1010,
1011,
1012,
1013,
4358,
4359,
4354,
4355,
4356,
4357,
4350,
4351,
4352,
4353,
438,
439,
436,
437,
434,
435,
432,
433,
430,
431,
5708,
5709,
5704,
5705,
5706,
5707,
5700,
5701,
5702,
5703,
8025,
1434,
5357,
5356,
1052,
1430,
5354,
1054,
7821,
7827,
7826,
7825,
5352,
1056,
1057,
1431,
8985,
8984,
8987,
8986,
8981,
8980,
8983,
8982,
8989,
8988,
1832,
1833,
1830,
1831,
1836,
1837,
1835,
3795,
3794,
1838,
3796,
3791,
3790,
3793,
3792,
4981,
4980,TRUE
2404,
2405,
4985,TRUE
4984,TRUE
2400,
4986,
4989,TRUE
4988,TRUE
2158,
2159,
2408,
2409,
1955,
1954,
1957,
1956,
1951,
1950,
1953,
1952,
1959,
1958,
3249,
3248,
3243,
3242,
3241,
3240,
3247,
3246,
3245,
1990,
1993,
1483,
1482,
1481,
1480,
5498,
5499,
1485,TRUE
1484,
3306,
3307,
5496,
5497,
3302,
3303,
3300,
3301,
612,TRUE
613,
610,
1273,
1274,
1275,
2060,
614,
615,
2062,
2063,
1994,
2064,
2065,
519,
518,
2066,
511,
510,
513,
2067,
515,
514,
517,
516,
1227,
1226,
621,TRUE
1224,
1223,
1222,
1221,
624,
629,
628,
1229,
1228,
6536,
6537,
6534,
6535,
6532,
6533,
6530,
6531,
8299,
8298,
8792,
6538,
6539,
8793,
8794,
8795,
8796,
8797,
3878,
3879,
3870,
3871,
3872,
3873,
3874,
3875,
3876,
3877,
8479,
8478,
8475,
8474,
8477,
8476,
8471,
8470,
8473,
8472,
7566,
7567,
7564,
7565,
7562,
7563,
7560,
7561,
7568,
7569,
4167,
4166,
4165,
4164,
4163,
4162,
4161,
4160,
4169,
4168,
2238,
2231,
2230,
2233,
2232,
2235,
2234,
2237,
2236,
5937,
5936,
5935,
5934,
5933,
5932,
5931,
5930,
5939,
5938,
4608,TRUE
3498,
3499,
3496,
3497,
3494,
3495,
3492,
3493,
3490,
3491,
2095,TRUE
2094,TRUE
4572,
4573,
2091,TRUE
2090,TRUE
4576,
2092,TRUE
4578,
4579,
7699,
2099,TRUE
2098,TRUE
8423,
4605,TRUE
7368,
7369,
7360,
7361,
7362,
7363,
7364,
7365,
7366,
7367,
3,
9007,
7022,
7021,
7020,
7027,
7026,
7025,
7024,
7029,
7028,
9009,
9008,
3331,
9012,
3330,
9013,
7799,TRUE
7798,TRUE
7791,
7793,
7792,
7795,
7794,
7797,TRUE
7796,
1038,
1039,
1032,
1033,
1030,
1031,
1036,
1037,
1034,
1035,
4378,
4379,
4372,
4373,
4370,
4371,
3335,
4377,
4374,
4375,
8660,
8661,
8662,
8663,
8664,
8665,
8666,
8667,
8668,
8669,
4080,
4081,
4082,
4083,
4084,
4085,
4086,
4087,
4088,
4089,
5728,
5729,
5722,
5723,
5720,
5721,
5726,
5727,
5724,
5725,
8084,
8085,
8087,
8080,
8081,
8082,
8083,
8088,
8089,
6648,
6649,
6644,
6645,
6646,
6647,
6640,
6641,
6642,
6643,
7801,TRUE
7800,TRUE
7803,TRUE
7802,TRUE
7805,TRUE
7804,TRUE
7807,TRUE
7806,TRUE
7809,TRUE
7808,TRUE
6398,
6399,
6392,
6393,
6390,
6391,
6396,
6397,
6394,
6395,
2396,
2397,
2394,
2395,
2392,
2393,
2390,
2391,
2398,
2399,
1858,
1859,
3840,
1850,
1851,
1852,
1853,
1854,
1855,
1856,
1857,
2172,
2173,
2170,
2171,
2176,
2177,
2174,
4967,
3845,
2178,
2179,
4963,
4962,
4961,
3844,
1421,
1420,
3846,
1933,
1932,
1931,
1930,
5128,
1936,
1935,
1934,
3269,
3268,
1939,
1938,
5120,
5121,
5122,
5123,
7944,
1427,
7945,
1426,
7946,
1429,
7947,
1428,
3366,
3367,
7230,
7943,
6886,
6887,
6884,
6885,
6882,
6883,
6880,
6881,
6888,
6889,
605,
604,
606,
601,
600,
603,
602,
1205,
1204,
1206,
609,
608,
1203,
1202,
8106,
8279,
8278,
8277,
8101,
8275,
8274,
8273,
8272,
8271,
8100,
1353,TRUE
1352,
1351,
1350,
461,
1356,
8419,
8418,
463,
8413,TRUE
8412,
8411,
8410,TRUE
8417,
8416,
8265,
8414,TRUE
7588,
7589,
7584,
7585,
7586,
7587,
7580,
7581,
7582,
7583,
6950,
6951,
6952,
6953,
4149,
4148,
4145,
4144,
4147,
4146,
4141,
4140,
4143,
4142,
3856,
3857,
3854,
3855,
3852,
3853,
3850,
3851,
6957,
3858,
3859,
1062,
5918,
5915,
5914,TRUE
5917,
5916,
5911,TRUE
5910,TRUE
5913,TRUE
5912,TRUE
4558,
4559,
4556,
4557,
4554,
4555,
4552,
4553,
4550,
4551,
8582,
6076,
6075,
6074,
6073,
2617,
2616,
2615,
2614,
2613,
2612,
2611,
2610,
2619,
2618,
7346,
7344,
7345,
7342,
7343,
7340,
7341,
7348,
7349,
1186,
1187,
7009,
7008,
9029,
9028,
7001,
7000,
7003,
7002,
7005,
7004,
7007,
7006,
1184,
740,
741,
742,
743,
744,
745,
746,
747,
748,
749,
1185,
2949,
2948,
2947,
2946,
2945,
2944,
2943,
2942,
2941,
2940,
1050,
1051,
5355,
1053,
5353,
1055,TRUE
5351,
5350,
1058,
1059,
5359,
5358,
4310,TRUE
4311,TRUE
4312,TRUE
4313,
4314,
4315,
4316,
4317,
4318,
4319,
3119,
3118,
3117,
3116,
3115,
3114,
3113,TRUE
3112,TRUE
3111,TRUE
3110,TRUE
8648,
8649,
8646,
8647,
8644,
8645,
8642,
8643,
8641,
1181,
5740,
5741,
5742,
5743,
5744,
5745,
5746,
5747,
5748,
5749,
5267,
5266,
1702,
1703,
5263,
5262,
5261,
5260,
5794,
2137,
6669,TRUE
6662,TRUE
6666,
6664,TRUE
6665,
7,
2134,
2378,
2379,
2374,
2376,
2377,
2370,
2371,
2373,
1876,
1877,
1874,
1875,
1872,
1873,
1870,
1871,
2133,
1878,
1879,
4945,TRUE
4944,TRUE
4947,TRUE
4946,TRUE
4941,TRUE
4940,TRUE
4943,TRUE
4942,TRUE
4949,TRUE
4948,TRUE
2118,
2119,
2110,
2111,
2112,
2113,
2114,
2115,
2116,
2117,
1919,
1918,
5108,
5109,
3289,
3288,
1911,
1910,
1913,
3284,
3283,
5107,
3281,
3280,
883,
882,
881,
887,
886,
885,
884,
889,
888,
5245,
7504,
7505,
7506,
7507,
7500,
5792,
8766,
7501,
7502,
7503,
6868,
6869,
6864,
5247,
6866,
6867,
6860,
6861,
6862,
6863,
8255,
8254,
1269,
1268,
8251,
8250,
669,
668,
1263,
1262,
665,
664,
663,
662,
1265,
1264,
3287,
8789,
8788,
3286,
8783,
8782,
8781,
8780,
8787,
3285,
8785,
8784,
1912,
7618,
7619,
7614,
1915,
7616,
7617,
7610,
7611,
7612,
3282,
421,
1917,
1916,
8431,
8430,
8433,
8432,
8435,
8434,
8437,
8436,
8439,
8438,
6124,
8516,
8517,
8514,
8515,
8512,
8513,
4129,
4128,
4123,
4122,
4121,
4120,
4127,
4126,
4125,
4124,
5689,
5688,
5685,
5684,
5687,
5686,
5681,
5680,
5683,
5682,
8760,
5979,
5978,
5973,
5972,
5971,
5970,
5977,
5976,
5975,
5974,
2587,
2586,
2585,
2584,
2583,
2582,
2581,
2580,TRUE
2589,
2588,
280,
6058,
286,
6051,
6050,
6053,
6052,
2639,
2638,
2635,
2634,
2637,
2636,
2631,
2630,
2633,
2632,TRUE
9049,
9048,
9043,
9042,
9041,
9040,
9047,
9045,
9044,
3544,
3545,
3546,
3547,
3540,
3541,TRUE
3542,TRUE
3543,TRUE
3548,
3549,
768,
769,
2960,
2962,
762,
763,
760,
761,
2969,
767,
764,TRUE
765,
5379,
1078,
1079,
1076,
1077,
1074,
1072,
1073,
5373,
1071,
5583,
4338,
4339,
4336,
4337,
4334,
4335,
4332,
4333,
4330,
4331,
3135,
5182,
3137,
3136,
3131,
3130,
3133,
3132,
3139,
3138,
1533,
5183,
5180,
5768,
5769,
5766,
5767,
5764,
5765,
5762,
5763,
1531,
5181,
8192,
8193,
5186,
8190,
8191,
2256,
8196,
8197,
8194,
5187,
8195,
2978,
7427,TRUE
7426,TRUE
7425,TRUE
2979,
7423,TRUE
7422,TRUE
7421,TRUE
7420,TRUE
7429,TRUE
7428,TRUE
5184,
6600,
6601,
6602,
6603,
6604,
6605,
6606,
6607,
6608,
6609,
5185,
2974,
2975,
1043,
4570,
1042,
5360,
1040,
5366,
5367,
4571,
5364,
5365,
2358,
2359,
2353,
2350,
2351,
2356,
5368,
2354,
2355,
1898,
1899,
3739,
3738,
3737,
3736,
3735,
3734,
3733,
3732,
3731,
3730,
4691,
4690,
4693,
4920,TRUE
4695,
4694,
4925,TRUE
4696,
4699,
4698,
4929,TRUE
4928,TRUE
2138,
2139,
5160,
5161,
5162,
5163,
5164,
5165,
5166,
4801,
5168,
5169,
2787,
2786,
2783,
8257,
8256,
8253,
8252,
667,
666,
1261,
1799,
1798,
1793,
1267,
1791,
1790,
1797,
1795,
1794,
6848,
6849,
661,
6842,
6843,
6840,
660,
6846,
6847,
6844,
6845,
6590,
6591,
6592,
6593,
6594,
6595,
6596,TRUE
6597,
6598,
6599,
8239,
8238,
7638,
7639,
7632,
7633,
7630,
7631,
7636,
7637,
7634,
7635,
1025,
5345,
1241,TRUE
1536,
3090,
3091,
3096,
3097,
3094,
3095,
1249,TRUE
648,
3098,
3099,TRUE
5346,
1538,
4101,
4100,
4103,
4102,
4105,
4104,
4107,
4106,
4109,
4108,
7613,
3898,
3899,
3892,
3893,
3890,
3891,
3896,
3897,
3894,
3895,
5341,
8741,
5951,
5950,
5953,
5952,
5955,
5954,
5957,
5956,
5959,
5958,
1454,
1455,
6033,
6032,
6037,
6036,
2659,
2658,
2653,TRUE
2652,TRUE
2651,
2650,
2657,
2656,
2655,
2654,TRUE
7388,
7389,
7382,
7383,
7380,
7381,
7386,
7387,
7384,
7385,
9061,
9060,
9063,
9062,
9065,
9064,
9067,
9066,
9069,
9068,
3562,
3563,
3560,
1453,
3566,
3567,
3564,
3565,
3034,
3568,
3569,
4484,
4485,
4486,
4487,
4480,
4481,
4482,
4483,
4488,
4489,
2903,
2902,
2901,
2900,
708,
709,
2905,
147,
704,
705,
706,
707,
700,
701,
702,
703,
2486,
5319,
5318,
5313,
5312,
5311,
5310,
5317,
5316,
5315,
5314,
2487,
3214,
1631,
1632,
3153,
3152,
3151,
2484,
3157,
3156,
3155,
3154,
1982,
3159,
3158,
1983,
1980,
1981,
2482,
1266,
2483,
2480,
8575,
8576,
8577,
8570,
8571,
8573,
8578,
8579,
7409,
7408,
7405,
7404,
7407,
7406,
7401,
7400,
7403,
7402,
6628,
6629,
6626,
6627,
6624,
6625,
6622,
6623,
6620,
6621,
4714,
4715,
4716,
2333,
4710,
4711,
4712,
2337,
2338,
2339,
4718,
4719,
3715,
3714,TRUE
3717,
3716,
3711,
3710,
3719,
3718,
8189,
4909,
4908,
4679,TRUE
4678,TRUE
4901,
4676,TRUE
4903,
4674,
4673,TRUE
4904,
4671,TRUE
4670,TRUE
7437,
8188,
5148,
5149,
5146,
5147,
5144,
5145,
5142,
5143,
5140,
5141,
120,
121,
122,
123,
124,
125,
126,
127,
128,
129,
7957,
1188,
7956,
1189,
7955,
3377,
7954,
3376,
7953,
3375,
7224,
3374,
7951,
3373,
7950,
3372,
3371,
3370,
7247,
7246,
7245,
7244,
7243,
7242,
7241,
7240,
7249,
7248,
6820,
6821,
6822,
6823,
6824,
6825,
6826,
6827,
6828,
6829,
8817,
8816,
8815,
8813,
8812,
8811,
8810,
8819,
8818,
8219,
8170,TRUE
8749,
8171,TRUE
8211,
8210,
8213,
8212,
8215,
8172,TRUE
8217,
8216,
7650,
7651,
7652,
7653,
7654,
7655,
7656,
7657,
7658,
7659,
8175,TRUE
1997,
8176,TRUE
8177,TRUE
1519,
3392,
1515,
1514,
1517,
1516,
1511,
1510,
1513,
1512,
3395,
8899,
3394,
3396,TRUE
263,TRUE
262,
261,
260,
267,
266,
265,TRUE
264,TRUE
269,TRUE
268,
6010,
6013,TRUE
6012,TRUE
6015,TRUE
6014,TRUE
6017,TRUE
988,
989,
982,
983,
980,
981,
986,
987,
984,
985,
9089,TRUE
9088,TRUE
9087,TRUE
9086,
9085,
9084,
9083,
9082,
9081,
9080,
3508,
3509,
5089,
5088,
5083,
5082,
5081,
5080,
3504,
5086,
5085,
5084,
2671,
2670,
2673,
2672,
2675,
2674,
2677,
2676,
2679,
2678,
1209,
2929,
2928,
2921,
2920,
2923,
2922,
2925,
2924,
2927,
2926,
5331,
5330,
5333,
5332,
5335,
5334,
5337,
5336,
5339,
5338,
3179,
3178,
2037,
3171,
3170,
3173,
3172,
3175,
3174,
3176,
727,
724,
725,
722,
723,
720,
721,
728,
729,
1164,
1165,
1166,
1167,
1160,
1161,
1162,
1163,
1168,
1169,
2035,
472,
473,
2034,
2785,
1713,
474,
1712,
475,TRUE
1711,
8552,
8553,
8550,
1710,
8008,
8009,
8554,
8555,
8004,
2784,
8006,
8007,
8000,
8001,
8002,
1716,
1715,
2032,
1714,
7469,
7468,
1368,TRUE
3728,
7461,
1369,TRUE
7467,
5258,
7465,
1864,
2031,
1869,
2030,
4930,TRUE
4931,TRUE
4933,TRUE
4934,TRUE
4935,TRUE
4732,
4733,
4730,
4731,
4736,
4737,
2318,
2319,
2316,
2317,
2314,
2315,
2312,
2313,
2310,
2311,
5854,
5855,
5856,
5857,
5850,
5851,
5852,
5853,
5858,TRUE
5859,TRUE
3773,
3772,
3771,
3770,
3777,
3776,
3775,
3774,
3779,
3778,
4655,
4654,
4657,
4656,
4651,
4650,
4653,
4652,
4659,
4658,
7889,
7888,
7881,
7880,
7883,
7882,
7885,
7884,
7887,
7886,
108,TRUE
109,TRUE
102,TRUE
103,TRUE
100,TRUE
101,TRUE
106,TRUE
107,TRUE
104,TRUE
105,TRUE
7517,
7269,
7268,
7516,
7265,
7264,
7267,
7266,
7261,
7260,
7263,
7262,
6204,
6205,
6206,
6207,
6200,TRUE
6201,
6202,
6203,
7513,
6208,
6209,
7512,
7511,
6808,
6809,
6806,
6807,
6804,
6805,
6802,
6803,
6800,
6801,
8839,
8838,
8835,
8834,
8837,
8836,
8831,
8830,
8833,
8832,
7678,TRUE
7679,TRUE
7676,TRUE
7677,TRUE
7674,TRUE
7675,TRUE
7672,
7673,
7670,
7671,
1758,
1757,
1756,
1755,
1754,
1753,
1752,
1751,
1750,
1285,
1284,
1287,
1286,
1281,
1280,
1283,
1282,
1289,
1288,
8765,
8764,
1579,TRUE
1578,TRUE
689,
688,
8763,
8762,
685,
684,
687,
686,
681,
680,
683,
682,
8501,
8503,
8505,
8504,
8507,
5629,
5628,
5627,
5626,
5625,
5624,
5623,
5622,
5621,
5620,
8497,
8496,
8499,
8498,
1242,TRUE
5995,
5994,
5997,
5996,
5991,
5990,
5993,
5992,
5999,
5998,
1244,TRUE
6781,
6780,
6783,
6782,
6785,
6784,
6787,
6786,
6789,
6788,
1246,
7498,
245,TRUE
244,
247,TRUE
246,TRUE
241,TRUE
240,TRUE
243,
242,
249,TRUE
248,TRUE
7490,
7491,
1366,
3690,TRUE
3693,
3694,
3695,
3696,
3697,TRUE
2156,
1367,
3526,
3527,
3524,
3525,
3522,
3523,
3520,
3521,
3528,
3529,
1364,
338,
2150,
4539,
2699,
2698,
2697,
2696,
2695,
2694,
2693,
2692,
2691,
2690,
2152,
2153,
1360,TRUE
1361,TRUE
1142,
1141,
1146,
1147,
1144,
1145,
1148,
1149,
336,
1745,
7199,
7198,
7193,
7192,
7191,
7190,
7197,
7196,
7195,
7194,
6402,
6403,
766,
6400,
8538,
8539,
8028,
6401,
8022,
6406,
8020,
8021,
8026,
8027,
8024,
6407,
7441,
7440,
7443,
7442,
7445,
6404,
7447,
7446,
7449,
7448,
6405,
8185,
8184,
8187,
8186,
4282,
4283,
4280,
4281,
4286,TRUE
4287,TRUE
4284,
4285,TRUE
4288,
4289,
380,
381,
382,
383,
384,
385,
386,
387,
388,TRUE
389,
4758,
4759,
4750,
4751,
4752,
4753,
4754,
4755,
4756,
4757,
5872,TRUE
5873,
5870,TRUE
5871,TRUE
5876,
5877,
5874,
5875,
5878,
5879,
3759,
3758,
3751,
3750,
3753,
3752,
3755,
3754,
3757,
4633,
2191,
4631,
4630,
2194,
2195,
2196,
2197,
2198,
2199,
4639,
4638,
4813,
4811,
4810,
168,
169,
164,
165,
166,
167,
160,
161,
162,
163,
4815,
4814,
6194,
6195,
6196,
6197,
6190,
6191,
6192,
6198,TRUE
6199,TRUE
2734,
2735,
2736,
2737,
2730,TRUE
2731,TRUE
2732,
2733,
2738,
2739,
8224,
8225,
7209,TRUE
7203,
7202,
7200,
7207,
7206,
7205,
7204,
8228,
6220,
6221,
8229,
6228,
6229,
3134,
809,
808,
803,
802,
801,
800,
807,
806,
805,
804,
8604,
5274,
5275,
5276,
5277,
1771,
5271,
5272,
1772,
1779,
5279,
1551,
1550,
1553,
1552,
1555,
3039,
1557,
1556,
1559,
1558,
3036,
3037,
3030,
3031,
3032,
3033,
8703,
8702,
8701,
8700,
8707,
8706,
8705,
8704,
8709,
8708,
5605,
5604,TRUE
5607,
5601,
5600,
5603,TRUE
5602,TRUE
5609,
5608,
6424,
6425,
6426,
6427,
6420,
6422,
6423,
6428,
6429,
6769,
6768,
6767,
6766,
6765,
6764,
6763,
6762,
6761,
6760,
4697,
229,
228,
227,
226,
225,
224,
223,
222,
221,
220,
2509,
2508,
2507,
2506,
2505,
2504,
2503,
2502,
2501,
2500,
5043,
5042,
2160,
8696,
1256,
1257,TRUE
1254,TRUE
1255,
1252,TRUE
1253,TRUE
1991,
1250,
3206,
1251,
3205,
1992,
3203,
3202,
3201,
1996,
5188,
1128,
1129,
5189,
1120,
1121,
1122,
1123,
1125,
1126,
1127,
8040,
8041,
8042,
8043,
8044,
8045,
8046,
8047,
8048,
8049,
8518,
8519,
2864,
2865,
2868,
4776,
4777,TRUE
4774,TRUE
4775,
4772,TRUE
4773,TRUE
4770,TRUE
4771,TRUE
4778,TRUE
4779,TRUE
5818,
5819,
5810,
5811,
5812,
5813,
5814,
5815,
5816,
5817,
4619,
4618,
4611,TRUE
4610,TRUE
4613,
4612,
4615,
4614,
4617,
4616,
7424,TRUE
7152,
2704,
2707,
146,
5458,
144,
145,
142,
143,
140,
141,
4884,
148,
149,
2702,
3092,
3342,
5451,
5452,
2713,
2710,
2711,
2716,
2717,
2714,
2715,
3346,
2718,
2719,
3347,
7221,TRUE
7220,TRUE
7223,TRUE
7222,TRUE
7225,
3344,
7227,
7226,
7229,
7228,
3345,
7959,
7958,
6248,TRUE
6249,TRUE
6240,TRUE
6241,TRUE
6242,TRUE
6243,TRUE
6244,TRUE
6245,TRUE
6246,TRUE
6247,TRUE
8871,
8870,
8873,
8872,
8875,
8874,
8877,
8876,
8879,
8878,
829,
828,
825,
824,
827,
826,
821,
820,
823,
822,
8163,
8162,
8161,
8160,
8167,
8166,
5252,
5253,
5250,
5251,
5256,
5257,
5254,
5255,
1719,
5259,
5942,
3018,
3019,
3012,
3013,
3010,
3011,
3016,
3017,
3014,
3015,
8729,
8728,
8721,
8720,
8723,
8722,
8725,
8724,
8727,
8726,
4189,
4188,
4181,
4180,
4183,
4182,
4185,
4184,
4187,
4186,
5663,
5662,
5661,
5660,
5667,
5666,
5665,
5664,
5669,
5668,
11,
10,
13,
12,
15,
14,
17,
16,
19,
18,
6408,
6409,
8181,TRUE
8180,TRUE
8183,
8182,TRUE
7764,
7765,
7766,
7767,
7760,
7761,
7762,
7763,
7768,
7769,
3904,
3905,
3906,
3907,
3900,
3901,
3902,
3908,
3909,
6745,
6744,
6747,
6746,
6741,TRUE
6740,TRUE
6743,
6742,TRUE
6748,
201,
200,
203,
202,
205,
204,
207,
206,
209,
208,
2745,
830,
831,
836,
837,
834,
835,
8885,
8886,
8887,
8880,
8881,
3658,
3659,
3654,
3655,
3656,
3657,
3650,
3651,
3652,
3653,
2525,
2524,
2527,
2526,
2521,
2520,
2523,
2522,
2529,
2528,
5065,TRUE
5064,TRUE
5067,TRUE
5066,TRUE
5061,TRUE
5060,TRUE
5063,TRUE
5062,TRUE
5069,TRUE
5068,TRUE
4408,
4404,
4405,
4406,
4407,
4400,
4401,
4402,
4403,
928,
929,
920,
921,
922,
923,
924,
925,
926,
927,
5393,
5392,
5391,
5390,TRUE
5397,
5396,
5395,
5394,
5399,
5398,
7451,
8991,
784,
785,TRUE
786,
787,
780,
781,
782,
783,
788,
789,
2357,
1371,TRUE
7159,
1370,TRUE
7157,
7156,
7155,
7154,
7153,
405,
7151,
7150,
404,
403,
8602,
8546,
401,
8068,
8069,
8066,
8067,
8064,
7693,
8062,
8063,
8060,
8061,
7485,
7484,
7487,
7486,
7481,
7480,
7483,
7482,
8603,
7071,TRUE
7489,
7488,
20,
2899,
2898,
2895,TRUE
2894,TRUE
2897,TRUE
2896,TRUE
2891,TRUE
2890,TRUE
2893,TRUE
2892,TRUE
1106,
1107,
1104,
1457,
1102,
1103,
1100,
1727,
1458,
1459,
1108,
1109,
1725,
5240,
1894,
8601,
5243,
1895,
5242,
1897,
1890,
1891,
1892,
1893,
2136,
4922,TRUE
4921,TRUE
4692,
4798,
4799,
4794,
4795,
4796,
4797,
4790,
4791,
4792,
4926,TRUE
5836,
5837,
5834,
5835,
5832,
2130,
5830,
5831,
2131,
5838,
5839,
8128,
2668,
4,
2669,
6901,
8891,
4899,
4898,
2770,
4892,
4891,
4890,
4897,
4896,
4895,
4894,
7979,
7975,TRUE
7974,
7977,TRUE
7976,TRUE
7971,TRUE
7970,TRUE
7973,TRUE
7972,TRUE
6266,
6267,TRUE
6264,TRUE
6265,
6262,TRUE
6263,TRUE
6260,
6261,
5167,
6268,TRUE
3008,
1589,
7528,
847,
846,
3465,
844,
843,
842,
3461,
840,
8897,
8896,
8895,
7158,
8893,
8892,
849,
848,
4902,
1583,TRUE
4905,
1585,TRUE
5238,
1738,
1731,
1730,
1733,
5233,
1735,
5235,
1737,
1736,
3070,
3071,
1597,
1596,
3074,
3075,
1593,
1592,
3078,
3079,
1599,
1598,
4906,
2403,
5649,
5648,
5641,
5640,
5643,
5642,
5645,
5644,
5647,
5646,
8065,
4826,
489,
488,
487,
486,
485,
484,
482,
481,
480,
6468,TRUE
6469,TRUE
6460,TRUE
6461,TRUE
6462,
6463,
6464,TRUE
6465,TRUE
6466,TRUE
6467,TRUE
7742,
7743,
7740,
7741,
7746,
7747,
7744,
7745,
7748,
7749,
3922,
3923,
3920,
3921,
3926,
3927,
3924,
3925,
3928,
3929,
6723,
6722,
6721,
6720,
8303,
6726,
6725,
8300,
8308,
5655,
453,
6095,
6097,
6096,
3678,
3679,
3672,
3673,
3670,
3671,
3676,
3677,
3674,
3675,
2543,
2542,
2541,
2540,
2547,
2546,
2545,
2544,
2549,
2548,
1456,
1450,
3580,
3581,
3582,
3583,
1452,
5005,
5004,
5009,
1101,
8747,
902,
903,
900,
901,
906,
907,
904,
905,
4422,
908,
909,
4426,
4427,
4424,
4425,
8746,
3293,
8743,
8934,
8936,
8937,
8742,
8931,
7824,
8933,
8938,
1554,
7175,
7174,
7177,
7176,
7171,
7170,
7173,
7172,
7179,
7178,
2916,
718,
1696,
1697,
1694,
1695,
1692,
1693,
1690,
1691,
1698,
1699,
1472,
1473,
1470,
1471,
1476,
1477,
1474,
1475,
1478,
1479,
4228,
4229,
8624,
4224,
4225,
4226,
4227,
4220,
4221,
4222,
4223,
5586,
5587,
5584,
5585,
5582,
21,
5580,
23,
28,
29,
5588,
5589,
8625,
1069,
1068,
1061,
1060,
1063,
4923,TRUE
1065,
1067,
1066,
2288,TRUE
2289,TRUE
2280,TRUE
2281,TRUE
2282,TRUE
2283,TRUE
2284,TRUE
2285,TRUE
2286,TRUE
2287,TRUE
4538,
411,
8314,
4828,
8315,
2056,
8316,
4534,
8317,
4827,
8310,
4927,TRUE
4824,
8311,
8233,
4825,
8312,
8232,
4530,
8313,
8231,
4823,
7759,
7919,
7918,
4820,
7913,
7912,
7911,
4533,
7917,
7916,
7915,
7914,
6288,
6289,
6284,TRUE
6285,
6287,
6280,TRUE
6281,TRUE
6282,TRUE
6283,TRUE
182,
183,
180,
181,
186,
187,
184,
185,
188,
189,
4924,TRUE
6362,
5833,
869,
868,
3449,
3448,
861,
860,
863,
3446,
3441,TRUE
864,
867,
866,
2024,
2025,
2026,
2027,
2020,
2021,
2022,
2023,
6364,
2029,
2758,
2759,
5217,
5210,
5218,
5219,
419,
3058,
3059,
3056,
3057,
3054,
3055,
3052,
3053,
3050,
3051,
4597,
8,
1317,
1316,
1315,
1314,
1313,
1312,
1311,
1310,
1319,
1318,
6446,TRUE
6447,TRUE
6444,TRUE
6445,TRUE
6442,
6443,TRUE
6440,
6441,
6918,TRUE
6919,TRUE
6448,TRUE
6449,
3304,
7728,
7729,
7720,
7721,
7722,
7723,
7724,
7725,
7726,
7727,
3948,
3949,
3940,
3941,
3942,
3943,
3944,
3945,
3946,
3947,
6709,
6708,
8329,
8328,
6701,
6700,
6703,
6702,
6705,
6704,
6707,
6706,
3841,
4057,
4056,
4055,
4054,
4053,
4052,
4051,
4050,
4058,
3610,
3611,
3612,
3613,
3614,
3615,
3616,
3617,
3618,
3619,
3842,
2569,TRUE
2568,TRUE
2561,TRUE
2560,TRUE
2563,TRUE
2562,TRUE
2565,TRUE
2564,TRUE
2567,TRUE
2566,TRUE
5029,
5028,
5021,
5020,
5022,
5027,
4440,
4441,
4442,
4443,
4444,
4445,
4446,
4447,
4448,
4449,
964,
965,
966,
967,
960,
961,
962,
963,
968,
969,
7532,
641,
1240,TRUE
1535,
1534,
1245,
1532,
1247,TRUE
1530,
649,TRUE
1248,TRUE
5199,
5198,
3234,
8912,
5195,
8910,
8911,
8916,TRUE
8917,TRUE
8914,
5194,
8918,TRUE
8919,TRUE
1614,
1615,
1960,
640,
5190,
7113,
7112,
7111,
7110,
7117,
5193,
7115,
7114,
7119,
5192,
1678,
1679,
1674,
1675,
1677,
1670,
1671,
1672,
1673,
642,
645,
1418,
1419,
1410,
1411,
1412,
1413,
1414,
1415,
1416,
1417,
644,
4208,
4209,
4202,
4203,
4200,
4201,
4206,
4207,
4204,
4205,
647,
5568,TRUE
5569,TRUE
5564,TRUE
5565,TRUE
5566,TRUE
5567,TRUE
5560,
5561,
5562,
5563,
308,
309,
300,
301,
302,
303,
304,
305,
306,
307,
4893,
7415,
6114,
6115,
6116,
6113,
7283,
7282,
7281,
7280,
7287,
7286,
7285,
7284,
9106,TRUE
9107,TRUE
7289,
7288,
9102,TRUE
9103,TRUE
9100,
9101,TRUE
3429,
3428,
3423,
3422,
3421,
3420,
3427,
3426,
3425,
3424,
2002,
2000,
2001,
4589,
2007,
2004,
4858,
4585,
4856,
4587,
4586,
4853,
4852,
4851,
4850,
6269,TRUE
7393,
8158,
8159,
8156,
8157,
7392,
8620,TRUE
1906,
1087,
1086,
1085,
1084,
1083,
1082,
1081,
1080,
1089,
1088,
8859,
1904,
8761,
5134,
449,
448,
1339,
1338,
1335,
1334,
1337,
1336,
1331,
1330,
1333,
1332,
6932,
6933,
6930,
6931,
6936,
6937,
6934,
6935,
8695,
8126,
6938,
6939,
8123,
8122,
8121,
8120,
7706,
7707,
39,
38,
7702,
7703,
7700,
7701,
33,
31,
30,
37,
36,
35,
34,
1903,
7514,
1900,
8348,
8343,
8342,
8341,
8340,
8347,
8346,
8345,
8344,
3467,
3466,
845,
3464,
3463,
3462,
4079,
4078,
4075,
4074,
4077,
4076,
4071,
4070,
4073,
4072,
3966,
3967,
3964,
3965,
3962,
3963,
3960,
3961,
7510,
3968,
3969,
8894,
3638,
3639,
3636,
3637,
3634,
3635,
3632,
3633,
3630,
3631,
3469,
3468,
8769,
5450,
8768,
8857,
4468,
4469,
4466,
4467,
4464,
4465,
4462,
4463,
4460,
4461,
948,
949,
946,
947,
944,TRUE
945,
942,TRUE
943,TRUE
940,TRUE
941,TRUE
2410,
6327,
6326,
6325,
6324,
6323,
6322,
6321,
6320,
6329,
6328,
8978,
8970,
8971,
8972,
8973,
8974,
8975,
8976,
8977,
7139,
7138,
4793,
7131,
7130,
7133,
7132,
7135,
7134,
7137,
7136,
1658,
1659,TRUE
1652,
1653,
1650,
1651,
1656,
1657,
1654,
1655,
586,
1739,
584,
585,
582,
583,
580,
5239,
588,
589,
2839,
2838,
2837,
2836,
2835,
2834,
2833,
2832,
2831,
2830,
3391,
3390,
3393,
5404,
5403,
5402,
5401,
5400,TRUE
3399,TRUE
418,
5409,
1439,
5230,
5231,
7688,TRUE
5232,
4260,
4261,
4262,
1732,
4264,
4265,
4266,
4267,
4268,
4269,
1734,
3702,
5236,
3703,
5237,
1885,
5548,
5549,
3263,
5542,
5543,
5540,
5541,
5546,
5547,
5544,
5545,
1881,
8598,
8599,
8596,
8597,
1880,
8592,
8590,
8591,
5890,
5891,
5892,
5893,
5894,
5895,
5896,
5897,
5898,
4668,TRUE
4669,TRUE
4862,
2126,
2129,
4665,TRUE
4667,TRUE
4863,
4660,
4662,
4663,
4860,
322,
323,
320,
321,
326,
324,
325,
328,
329,
1595,
6139,
1594,
6132,
6133,
6130,
6131,
3072,
6134,
6135,
3073,
1591,
1590,
3076,
3252,
2248,
2244,
2245,
2246,
2247,
2240,
2241,
2242,
2243,
3401,TRUE
7535,
3403,
3402,
3405,TRUE
7534,
3408,TRUE
7537,
4874,
7536,
4871,
4870,
4873,
4872,
7531,
7530,
2068,
2069,
2798,
2799,
7533,
2792,
2793,
2790,
2791,
2796,
2797,
2794,
2795,
5455,
3256,TRUE
5690,
6178,
8078,
8786,
7096,
7097,
7094,
7095,
7092,
7093,
7090,
7091,
7098,
7099,
4883,
8105,
8104,
1359,TRUE
1358,TRUE
469,
468,
8103,
8102,
465,
464,
467,
466,
1357,
460,
1355,TRUE
1354,TRUE
6959,
6488,
6489,
6482,
6483,
6480,
6481,
6486,
6487,
6484,
6485,
4885,
8214,
8360,
8363,
8362,
8365,
8364,
8367,
8366,
8369,
8368,
3184,
3186,
3187,
3180,
3181,
3182,
3183,
3188,
3189,
4019,
4018,
4013,
4012,
4011,TRUE
4010,
4017,
4016,
4015,
4014,
5797,
3989,
3984,
3985,
3986,
3987,
3980,TRUE
3981,TRUE
3982,
3983,
5796,
1447,
1446,
1445,
289,
288,
1444,
281,
1443,
283,
282,
284,
287,
1442,
1441,
1116,
5793,
2477,
2476,
2475,
2474,
2473,
2472,
2471,
2470,
8548,
2479,
2478,
7874,
7875,
7876,
7877,
7870,
7871,
7872,
7873,
7878,
7879,
6309,TRUE
6308,TRUE
6305,
6304,
6307,
6306,
6301,
6300,
6303,
6302,
7695,
8956,
8957,
8954,
8955,
8952,
8953,
8950,
8951,
8958,
8959,
8544,
2907,
2906,
1986,
1987,
1984,
1985,
3210,
3211,
3212,
3213,
1638,
1639,
2904,
1988,
1989,
2909,
568,
569,
2908,
560,
561,
563,
565,
566,
567,TRUE
5429,
5428,
3379,
3378,
5425,
5424,
5427,
5426,
5421,
5420,
5423,
5422,
4248,
4249,
4246,TRUE
4247,TRUE
4244,
4245,TRUE
4242,TRUE
4243,
4240,TRUE
4241,TRUE
5520,
5521,
5522,
5523,
5524,
5525,
5526,
5527,
5528,
5529,
48,
49,
46,
47,
44,
45,
42,
43,
40,
41,
8542,
4960,
6547,
6546,
6545,
6544,
6543,
6542,
6541,
6540,
6549,
6548,
344,
345,
346,
347,
340,
341,TRUE
342,
343,
348,
349,
7519,
7518,
6150,
6151,
6154,
2132,
6156,
6157,
6158,
6159,
3236,
8307,
8306,
8305,
4831,
8304,
4526,
3237,
4833,
8302,
4524,
8301,
4835,
4834,
4837,
8758,
4836,
8759,
4784,
8208,
8209,
8754,
2268,
2269,
8755,
2262,
2263,
2260,
2261,
2266,
2267,
2264,
2265,
8205,
8750,
7994,
8751,
8752,
8753,
2046,
4812,
2044,
2045,
2042,
2043,
2040,
2041,
4819,
4818,
2048,
2049,
5828,
8230,
7629,
8237,
8236,
8235,
8234,
7078,
7079,
7074,
7076,
7077,
7070,TRUE
3798,
7072,TRUE
7073,
8683,
6976,
6977,
6974,
6975,
6972,
6973,
6970,
6971,
8169,TRUE
8168,
6978,
6979,
8680,
8681,
8389,TRUE
8388,TRUE
8387,TRUE
8386,TRUE
8385,TRUE
8384,
8383,
8382,
8381,
8380,
8686,
4389,
4388,
4383,
4382,
4381,
4380,
4387,
4386,
4385,
4384,
407,
406,
1373,TRUE
1372,TRUE
1375,
1374,
1377,
1376,
1379,
1378,
408,
8684,
4031,
4030,
4033,
4032,
4035,
4034,TRUE
4037,
4036,
4039,
4038,
8173,TRUE
8685,
8174,TRUE
2459,
2458,
2455,
2454,
2457,
2456,
2451,
2450,
2452,
7852,
7853,
7850,
7851,
7856,
7857,
7854,
7855,
7858,
7859,
656,TRUE
657,TRUE
654,TRUE
6369,
655,TRUE
6363,
1506,
6361,
6360,
6367,
6366,
6365,
3088,
650,TRUE
651,TRUE
1508,
1509,
1977,
658,
1976,
3082,
1603,
1974,
1605,
1604,
1607,
1606,
3232,
3233,
3230,
3231,
1968,
1969,
1618,
3235,
1616,
1617,
3238,
3239,
1612,
1613,
1610,
1611,
2873,
2872,
2871,
2870,
2877,
2876,
2875,
2874,
2879,
2878,
3355,
3354,
3357,
3356,
3351,
3350,
3353,
3352,
3359,
5449,
5448,
5443,
5442,
5441,
5440,
5447,
5446,
5445,
5444,
5508,
5509,
5506,
5507,
5504,
5505,
5502,
5503,
5500,
5501,
542,
543,
540,
541,
546,
547,
544,
545,
548,
549,
6155,
5476,
6569,
6568,
3321,
6565,
6564,
6567,
6566,
6561,
3322,
6563,
6562,
7687,TRUE
7686,TRUE
7685,TRUE
5475,
7683,TRUE
7682,TRUE
7681,TRUE
7680,TRUE
5472,
5136,
7689,
5473,
3827,
3826,
3825,
3824,
3823,
3822,
3821,
3820,
5471,
3829,
3828,
8444,
8445,
8446,
8447,
8440,
8441,
8442,
8443,
8448,
8449,
7539,
7538,
368,
369,
366,
367,
364,
365,
362,
363,
360,
361,
1945,
5133,
6179,TRUE
6176,
6177,
6174,
6175,
6172,
6173,
6170,TRUE
6171,
7902,
2200,
2201,
2202,
2203,
2204,
2205,
2206,
2207,
2208,
2209,
4428,
4429,
4839,
4838,
4529,
4528,
4527,
4830,
4525,
4832,
4523,
4522,
4521,
4520,
7993,
7992,
7991,
7990,
7997,
7996,
7995,
6278,TRUE
7999,
7998,
4420,
4421,
5298,
5299,
5296,
5297,
5294,
5295,
5292,
5293,
5290,
5291,
8141,
8140,
8143,
8142,
8145,
8144,
8147,
8146,
7337,
7336,
7335,
7334,
7333,
7332,
7331,
7330,
7339,
5510,
7058,TRUE
7059,TRUE
7052,
7053,
7050,
7051,
7056,TRUE
7057,TRUE
7054,
7055,
9026,
8149,
8148,
6998,
6999,
8639,TRUE
8638,TRUE
6994,
6995,
6996,
6997,
6990,
6991,
6992,
6993,
2998,
2999,
59,TRUE
58,TRUE
55,
54,
57,TRUE
56,
51,
50,
53,
52,
2991,TRUE
2992,
2993,
2994,
2995,
2996,
2997,
429,
428,
1399,
1398,
1397,
1396,
423,
1394,
1393,
1392,
427,
1390,
854,
855,
856,
857,
850,
851,
852,
853,
1422,
8259,
8258,
8939,
2330,
1424,
2331,
2332,
2334,
2335,
2336,
4713,
6699,
6698,
6693,
6692,
6691,
6690,
6694,
2439,
2438,
2433,
2430,
2437,
2435,
2434,
7838,
7839,
7831,
7832,
7833,
7834,
7835,
7836,
7837,
6341,
6340,
6342,
6347,
6346,
6349,
6348,
5470,
3782,
3783,
1805,
3781,
1803,
3787,
3784,
3785,
8992,
8993,
3788,
3789,
8996,
8997,
1809,
1808,
4996,
4997,
4994,
4995,
4990,TRUE
6511,
4999,
1547,
6517,
3258,
3259,
1948,
1949,
1942,
1943,
1940,
3253,
1946,
1947,
1944,
3257,TRUE
2851,
2850,
2853,
2852,
2855,
2854,
2856,
1490,
5460,
5463,
5462,
1494,
5464,
5467,
5466,
1498,
5468,
3339,
3338,
1395,
422,
425,
424,
1391,
426,
524,
525,TRUE
526,
527,
520,
521,
522,
523,
1541,
528,
529,
1234,
1235,
1236,
1237,
1230,
1231,
1232,
1233,
1238,
1239,TRUE
8286,
8287,
8284,
1964,
8283,
8280,
8281,
8288,
8289,
6509,
6508,
6500,
6507,
6506,
6505,
6504,
4677,TRUE
4900,
4675,TRUE
2485,
3809,
3808,
3805,
3804,
3807,
3806,
3801,
3800,
3803,
3802,
8462,
8463,
8460,
8461,
8466,
4907,
8464,
8465,
8468,
2481,
1967,
7559,
7558,
7553,TRUE
7552,
7551,
7550,
7557,
7556,
7555,
7554,
4174,
4175,
4176,
4177,
4170,
4171,
4172,
4173,
1961,
4178,
4179,
7395,
1962,
7397,
7396,
7391,
7390,
1963,
2228,
2229,
2226,
2227,
2224,
2225,
2222,
2223,
2220,
2221,
1,
5925,
5920,
5921,
5922,
5923,
5929,
7399,
8113,
7398,
4505,
4504,
4507,
4506,
4501,
4500,
4503,
4502,
4509,
4508,
2088,
2089,TRUE
2082,
2083,
2080,
2081,
2086,
2087,
2084,
2085,
9005,
7319,
7315,
7314,
7317,
7316,
7311,
7310,
7313,
7312,
7030,
7031,
7032,
7033,
7034,
7035,
7036,
7037,
7038,
7039,
9018,
7788,
7787,
7784,
7785,
7782,
7783,
7780,
7781,
1009,
1008,
1007,
1006,
1005,
1004,
1003,
1002,
1001,TRUE
1000,TRUE
4349,
4348,
4347,
4346,
4345,
4344,
4343,
4342,
4341,
4340,
8614,TRUE
8611,
8610,
8613,TRUE
8612,TRUE
8619,TRUE
8618,TRUE
8014,
5719,
5718,
5717,
5716,
5715,
5714,
5713,
5712,
5711,
3305,
3575,
3574,
3577,
7810,TRUE
7811,TRUE
3573,
3572,
2666,
2667,
2664,
2665,
2662,
2663,
2660,
2661,
1829,
1828,
1825,
1824,
1827,
1826,
1821,
1820,
1823,
1822,
2147,
2146,
2413,
2412,
4978,TRUE
4979,TRUE
2417,TRUE
2140,
4974,
4975,TRUE
4976,TRUE
4977,TRUE
4971,
4972,
2148,
1920,
1921,
3274,
3275,
3272,
3273,
3270,
3271,
1928,
1929,
3278,
3279,
24,
25,
26,
3319,
3318,
27,
5489,
5488,
3311,
5486,
5485,
5484,
5483,
5482,
5481,
3316,
22,
5581,
7515,
60,TRUE
61,TRUE
62,TRUE
63,TRUE
64,TRUE
65,TRUE
66,TRUE
67,TRUE
68,TRUE
69,TRUE
508,
509,TRUE
506,
507,
504,
505,
502,
503,
500,
1212,
1213,
1210,
633,
1216,
1217,
636,
637,
638,
639,
1218,
1219,
6521,
6520,
6523,
6522,
6525,
6524,
6526,
6529,
6528,
8266,
8267,
8260,
8261,
8263,TRUE
8276,
3869,
3868,
3863,
3862,
3861,
3860,
3867,
3866,
3865,
3864,
8408,TRUE
8409,TRUE
8400,TRUE
8401,TRUE
8402,TRUE
8403,TRUE
8404,TRUE
8405,
8406,
8407,
7571,
7570,
7573,
7572,
7575,
7574,
7577,
7576,
7579,
7578,
4152,
4153,
4150,
4151,
4156,
4157,
4154,
4155,
4158,
4159,
5459,
8336,
8334,
8218,
8335,
8138,
8748,
5902,TRUE
5903,TRUE
5900,TRUE
5901,TRUE
5906,TRUE
5907,TRUE
5904,TRUE
5905,TRUE
5908,TRUE
5909,TRUE
8745,
3489,
3488,
8744,
3481,
3480,
3483,
3482,
3485,
3484,
3487,
3486,
4563,
4562,
4561,
4567,
4566,
4565,
4564,
4569,
4568,
6065,
6066,
2604,
2605,
2606,
2607,
2600,
2601,
2602,
2603,
2608,
2609,
7379,
7378,
7373,
7372,
7371,
7370,
7377,
7376,
7375,
7374,
9032,
9033,
9030,
9031,
9036,
9037,
7018,
7019,
7016,
7017,
7014,
7015,
7012,
5453,
7010,
7011,
5454,
8132,
753,
1807,
751,
750,
757,
756,
755,
754,
759,
758,
3780,
1804,
2958,
2959,
738,
2954,
3786,
2956,
2957,
2950,
2951,
2952,
1802,
5344,
1024,
1027,
5347,
5340,
1801,
5342,
1022,
1029,
5349,
5456,
8990,
4365,
4364,
4367,
4366,
4361,
4360,
4363,
4362,
4368,
5457,
8995,
3108,TRUE
3109,TRUE
3104,TRUE
3105,TRUE
3106,TRUE
3107,TRUE
3100,TRUE
3101,TRUE
3102,TRUE
3103,TRUE
8673,
8672,
8671,
8670,
5,
8676,
8675,
8674,
8679,
8678,
4093,
4092,
4091,
4090,
4097,
4096,
4095,
4094,
4099,
4098,
5735,
5734,
5737,
5736,
5731,
5730,
5733,
5732,
5739,
5738,
8097,
8096,
8095,
8094,
8093,
8092,
8091,
8090,
8099,
8098,
8898,
6659,TRUE
6658,
6657,
6656,
6655,
6654,
6653,
6652,
6651,
6650,
6385,
6384,
6387,
6386,
6381,
6380,
6383,
6382,
6389,
6388,
2381,
2380,
2383,
2382,
2385,
2384,
2387,
2386,
2389,
2388,
1849,
1848,
1843,
1842,
1841,
1840,
1847,
1846,
1845,
3250,
4958,
4959,
2169,
2168,
3251,
4952,TRUE
4953,
4950,TRUE
4951,TRUE
2161,
4957,
4954,
2162,
3254,
3255,TRUE
3298,
3299,
5139,
5138,
5137,
3295,
5135,
3297,
3290,
5132,
3292,
5130,
3002,
6890,
6893,
6892,
6895,
6894,
6897,
6896,
6899,
6898,
5234,
1278,
1279,
618,
619,
1270,
1271,
1272,
611,
616,
617,
1276,
1277,
8798,
8799,
8248,
8249,
8242,
8243,
8240,
8241,
8246,
8247,
8244,
8245,
3333,
3332,
1492,
1493,
3337,
1495,
8426,
8427,
8424,
8425,
8422,
1496,
8420,
8421,
3334,
8428,
8429,
5469,
1499,
7599,
7598,
7597,
7596,
7595,
7594,
7593,
7592,
7591,
7590,
3599,
3598,
4138,
4139,
4130,
4131,
4132,
4133,
4134,
4135,
4136,
4137,
5692,
5693,
3843,
5691,
5696,
5697,
3847,
5695,
3849,
3848,
5698,
5699,
7910,
5968,
5969,
5960,
5961,
5962,
5963,
5964,
5965,
5966,
5967,
4549,
4548,
4541,
4540,
4543,
4542,
4545,
4544,
4547,
4546,
2594,
2595,
2596,
2597,
2590,
2591,
2592,
2593,
2598,
2599,
1070,
6042,
6043,
6041,
6046,
6047,
6044,
6045,
6048,
6049,
8600,
2622,
2623,
2620,
2621,
2626,
2627,
2624,
2625,
8606,
2628,
2629,
8607,
7351,
7350,
7353,
7352,
7355,
7354,
7357,
7356,
7359,
7358,
8605,
8204,
9058,
9059,
9050,
9051,
9052,TRUE
9053,TRUE
9054,TRUE
9055,TRUE
9056,
9057,
775,
774,
777,
776,
771,
770,
773,
772,
779,
778,
77,
76,
75,
74,
73,
72,
71,TRUE
70,TRUE
2972,
2973,
2970,
2971,
2976,
2977,
79,
78,
5362,
5363,
1041,
5361,
1047,
1046,
1045,
1044,
1049,
5369,
4303,TRUE
4302,TRUE
4301,TRUE
4300,
4307,
4306,
4305,
4304,
4309,
4308,
3128,
3129,
3122,
3123,
3120,
3121,
3126,
3127,
3124,
3125,
8658,
8651,
8650,
8653,
8652,
8655,TRUE
8654,TRUE
8657,
8656,TRUE
5753,
5752,
5751,
5750,
5757,
5756,
5755,
5754,
5758,
3445,
4609,TRUE
3444,
3447,
865,
3440,TRUE
3443,
3442,TRUE
2756,
2757,
2754,
7434,
7435,
7436,
2755,
7430,TRUE
7431,
7433,
2752,
7438,
7439,
2323,
2750,
2322,
2751,
4604,TRUE
2321,
6675,TRUE
6677,TRUE
2320,
6671,
6670,
6673,TRUE
6672,TRUE
2327,
6679,
6678,
2326,
4701,
2324,
8285,
5197,
5196,
2369,
2368,
2367,
2366,
2365,
2364,
2363,
2362,
2361,
2360,
5191,
1861,
1860,
1863,
1862,
1865,
3729,
1867,
1866,
3724,
3725,
3726,
3727,
3720,
3721,
3722,
3723,
4686,
4687,
4684,
4685,
4682,
4683,
4680,TRUE
4937,TRUE
4938,TRUE
4939,TRUE
4688,
4689,
2109,
2108,
2103,TRUE
2102,TRUE
2101,TRUE
2100,TRUE
2107,
2106,
2105,
2104,
5115,
5114,
5117,TRUE
5116,
5111,
5110,TRUE
5113,
5112,
5119,
5118,
1717,
9,
890,
892,
893,
894,
895,
896,
897,
898,
899,
1788,
1789,
1780,
1781,
1782,
1783,
1784,
1785,
1786,
1787,
6879,
6878,
6877,
6876,
6875,
6874,
6873,
6872,
6871,
6870,
8220,
8221,
8223,
678,
679,
8226,
8227,
674,
675,
676,
677,
670,
671,
672,
673,
4649,
7609,
7608,
7607,
7606,
7605,
7604,
7603,
7602,
7601,
7600,
2491,
2490,
2493,
8467,
2492,
2495,
1965,
2494,
2497,
2496,
8469,
1524,
1525,
1526,
1527,
1520,
1521,
1522,
1523,
1528,
1529,
1258,TRUE
1259,TRUE
4116,
4117,
4114,
4115,
4112,
4113,
4110,
4111,
4118,
4119,
7895,
7103,
3340,
7109,
3341,
5946,
5947,
5944,
5945,
1966,
5943,
5940,
5941,
5948,
5949,
6028,
2648,
2649,
2640,
2641,
2642,TRUE
2643,
2644,
2645,TRUE
2646,
2647,
9076,
9077,
9074,
9075,
9072,TRUE
9073,TRUE
9070,
9071,
9078,
9079,
3557,
3556,
3555,
3554,
3553,
3552,
3551,
3550,
3559,
3558,
2910,
2911,
2912,
2913,
2914,
2915,
719,
2917,
2918,
2919,
715,
714,
713,
712,
711,
710,
5308,
5309,
5300,
5301,
5302,
5303,
5304,
1064,
5306,
5307,
6956,
4329,
4328,
4321,
4320,
4323,
4322,
4325,
4324,
4327,
4326,
3140,
3141,
3142,
3143,
3144,
3145,
3146,
3147,
3148,
3149,
1630,
5779,
5778,
5771,
5770,
5773,
5772,
5775,
5774,
5777,
5776,
9010,
1633,
7412,
7413,
7410,
7411,
7416,TRUE
7417,TRUE
7414,
1634,
7418,TRUE
7419,TRUE
6613,
6612,
6611,
6610,
6617,
6616,
6615,
6614,
6619,
6618,
3500,
1636,
3501,
3502,
3503,
9011,
3505,
1637,
3506,
3507,
2345,TRUE
2344,TRUE
2347,
2346,
2341,
2340,
2343,TRUE
3708,
3709,
1889,
1888,
1887,
1886,
3700,TRUE
1884,
1883,
1882,
3704,TRUE
3705,TRUE
2121,
2120,
2123,
2122,
2125,
2124,
2127,
4919,TRUE
4664,
2128,
4666,TRUE
4915,TRUE
4912,TRUE
4661,
4910,
4911,TRUE
6917,TRUE
6910,TRUE
6911,TRUE
5173,
5172,
5171,
5170,
5177,
6912,TRUE
5179,
5178,
133,
132,
131,
130,
137,
136,
135,
134,
139,
138,
5924,
410,
7255,
7256,
7257,
7250,
7251,
7253,
7258,
7259,
6855,
6854,
6857,
6856,
6851,
6850,
6853,
6852,
6859,
6858,
88,
89,
82,
83,
80,
86,
87,
84,
85,
8805,
8806,
8807,
8800,
8801,
8802,
8803,
8808,
8809,
6583,
6582,
6581,
6580,
6587,
6586,
6585,
6584,
8206,
8207,
6589,
6588,
8202,
8203,
8200,
8201,
7625,
7624,
7627,
7621,
7620,
7623,
7128,
7628,
8994,
1502,
1503,
1500,
1501,
3089,
1507,
1504,
1505,
3085,
3084,
3087,
3086,
3081,
3080,
3083,
659,
3369,
3885,
3884,
3887,
3886,
3881,
3880,
3883,
3882,
3889,
3888,
8325,
8324,
8327,
8326,
8321,
7123,
8320,
8323,
8322,
1291,
6007,
6004,
6005,
6002,
6003,
6000,
6001,
1297,
6008,
6009,
995,TRUE
994,TRUE
997,TRUE
996,TRUE
991,
990,
993,TRUE
992,
999,TRUE
998,TRUE
9098,
9099,
9094,TRUE
9095,TRUE
9096,
9097,
9090,TRUE
9091,TRUE
9092,
9093,
3579,
3578,
5090,
5091,
5092,
3576,
3571,
3570,
5096,
5097,
4497,
4496,
4495,
4494,
4493,
4492,
4491,
4490,
4499,
4498,
2938,
2939,
2936,
2937,
2934,
2935,
2932,
2933,
2930,
2931,
5326,
5327,
5324,
5325,
5322,
5323,
5320,
5321,
3799,
5328,
5329,
1743,
3797,
1839,
3168,
3169,
3166,
3167,
3164,
3165,
3162,
3163,
3160,
3161,
2154,
2407,
4983,TRUE
731,
730,
733,
4982,
735,
734,
737,
736,
739,
2402,
2151,
4987,
2401,
2006,
8567,
8566,
8565,
8564,
8563,
8562,
8561,
8560,
8569,
8568,
8930,TRUE
7478,
7479,
7470,
7471,
7472,
7473,
7474,
7475,
7476,
7477,
6639,
6638,
6631,
6630,
6633,
6632,
6637,
4707,
4706,
4705,
4704,
4703,
4702,
2325,
4700,
2329,
2328,
4709,
4708,
3760,
3761,
3762,
3763,
3764,
3765,
3766,
3767,
3768,
3769,
1292,
1792,
1293,
1290,
2499,
2498,
4648,
1563,
4642,
4643,
4640,
4641,
4646,
4647,
4644,
4645,
1294,
7898,
7899,
7896,
7897,
7894,
1295,
7892,
7893,
7890,
7891,
5159,
5158,
5151,
5150,
5153,
5152,
5155,
5154,
5157,
5156,
115,
114,
117,
116,
111,
110,TRUE
113,
112,
3244,
119,
118,
8932,
7272,
7273,
7270,
7271,
7276,
7277,
7274,
7275,
7278,
7279,
8551,
8556,
8557,
6833,
6832,
6831,
6830,
6837,
6836,
6835,
6834,
6839,
6838,
8005,
8558,
8559,
8823,
8820,
8821,
8826,
8824,
8825,
8828,
8003,
8778,
8772,
8773,
8770,
8771,
8776,
8777,
8774,
8775,
7643,
7642,
7641,
7640,
7647,
7646,
7645,
7644,
7649,
7648,
9014,
9015,
9016,
9017,
1748,
1749,
1744,
1487,
1746,
1747,
1740,
1741,
1742,
1486,
7926,
3308,
7927,
3309,
7924,
5494,
7925,
5495,
7922,
1489,
7923,
1488,
7920,
5490,
7921,
5491,
1568,
1569,
1298,
1299,
5492,
1560,TRUE
1561,TRUE
1562,TRUE
5493,
1296,
1565,TRUE
1566,TRUE
1567,TRUE
7462,
7460,
5638,
5639,
5634,
5635,
5636,
5637,
5630,
5631,
5632,
5633,
8480,
8481,
8482,
8483,
7464,
